"Name","Category","IsSO","IsMono","IsSave","IsUI","IsValidator"
"GameController.cs","Scripts","False","True","False","False","False"
"AccessGate.cs","Access","False","True","False","False","False"
"AccessProfileDefinition.cs","Access","True","False","False","False","False"
"PlayerAccessLog.cs","Access","False","True","True","False","False"
"AccessProfileRequirement.cs","Activities","False","False","False","False","False"
"ActivityActionRunner.cs","Activities","False","True","False","False","False"
"ActivityAreaRequirement.cs","Activities","False","False","False","False","False"
"ActivityCompletionRequirement.cs","Activities","False","False","False","False","False"
"ActivityCost.cs","Activities","False","False","False","False","False"
"ActivityDefinition.cs","Activities","True","False","False","False","False"
"ActivityOutcomeDefinition.cs","Activities","True","False","False","False","False"
"ActivityPermissionDefinition.cs","Activities","True","False","False","False","True"
"ActivityPermissionRequirement.cs","Activities","False","False","False","False","False"
"ActivityRequirement.cs","Activities","True","False","False","False","False"
"ActivityZone.cs","Activities","False","True","False","False","False"
"ActivityZoneDefinition.cs","Activities","True","False","False","False","True"
"ActivityZoneModifierDefinition.cs","Activities","True","False","False","False","False"
"AreaProfileRequirement.cs","Activities","False","False","False","False","False"
"AssignmentRequirement.cs","Activities","False","False","False","False","False"
"BattleRuleRequirement.cs","Activities","False","False","False","False","False"
"CalendarRequirement.cs","Activities","False","False","False","False","False"
"CampStationDefinition.cs","Activities","True","False","False","False","False"
"CampStationSource.cs","Activities","False","True","False","False","False"
"CareerRequirement.cs","Activities","False","False","False","False","False"
"ChronicleRequirement.cs","Activities","False","False","False","False","False"
"CompanionExpeditionRequirement.cs","Activities","False","False","False","False","False"
"CompanionExpeditionRouteRequirement.cs","Activities","False","False","False","False","False"
"CompanionRequirement.cs","Activities","False","False","False","False","False"
"CompetitionBracketRequirement.cs","Activities","False","False","False","False","False"
"CompetitionHonorRequirement.cs","Activities","False","False","False","False","False"
"CompetitionInvitationRequirement.cs","Activities","False","False","False","False","False"
"CompetitionPrizeRequirement.cs","Activities","False","False","False","False","False"
"CompetitionRankingRequirement.cs","Activities","False","False","False","False","False"
"CompetitionRegistrationRequirement.cs","Activities","False","False","False","False","False"
"CompetitionRegistrationWindowRequirement.cs","Activities","False","False","False","False","False"
"CompetitionRequirement.cs","Activities","False","False","False","False","False"
"CompetitionSeasonRequirement.cs","Activities","False","False","False","False","False"
"CompetitionVenueRequirement.cs","Activities","False","False","False","False","False"
"ConsequenceChainRequirement.cs","Activities","False","False","False","False","False"
"ContestRequirement.cs","Activities","False","False","False","False","False"
"CustomizationRequirement.cs","Activities","False","False","False","False","False"
"EncounterLogRequirement.cs","Activities","False","False","True","False","False"
"InvestigationRequirement.cs","Activities","False","False","False","False","False"
"ItemRequirement.cs","Activities","False","False","False","False","False"
"JobStatusRequirement.cs","Activities","False","False","False","False","False"
"JourneyIncidentBoardDefinition.cs","Activities","True","False","False","False","False"
"JourneyIncidentDefinition.cs","Activities","True","False","False","False","False"
"JourneyIncidentSource.cs","Activities","False","True","False","False","False"
"LawRequirement.cs","Activities","False","False","False","False","False"
"LearnableOfferRequirement.cs","Activities","False","False","False","False","False"
"LifePathRequirement.cs","Activities","False","False","False","False","False"
"LifestyleRequirement.cs","Activities","False","False","False","False","False"
"LocationVisitRequirement.cs","Activities","False","False","False","False","False"
"LoyaltyProgramRequirement.cs","Activities","False","False","False","False","False"
"MapMarkerRequirement.cs","Activities","False","False","False","False","False"
"MapNavigationRequirement.cs","Activities","False","False","False","False","False"
"MilestoneRequirement.cs","Activities","False","False","False","False","False"
"NavigationHintRequirement.cs","Activities","False","False","False","False","False"
"NPCMemoryRequirement.cs","Activities","False","False","False","False","False"
"NPCReactionRequirement.cs","Activities","False","False","False","False","False"
"OrganizationRequirement.cs","Activities","False","False","False","False","False"
"OriginRequirement.cs","Activities","False","False","False","False","False"
"PlayerActivityContext.cs","Activities","False","False","False","False","False"
"PlayerActivityJournal.cs","Activities","False","True","False","False","False"
"PlayerCampStationLog.cs","Activities","False","True","True","False","False"
"PlayerJourneyIncidentLog.cs","Activities","False","True","True","False","False"
"PlayerRoleActivityBoardLog.cs","Activities","False","True","True","False","False"
"PokemonCareFacilityRequirement.cs","Activities","False","False","False","False","False"
"PokemonCareRequirement.cs","Activities","False","False","False","False","False"
"PokemonMoodRequirement.cs","Activities","False","False","False","False","False"
"PokeNavFeedRequirement.cs","Activities","False","False","False","False","False"
"PokeNavGuideRequirement.cs","Activities","False","False","False","False","False"
"PokeNavRequirement.cs","Activities","False","False","False","False","False"
"PowerMechanicRequirement.cs","Activities","False","False","False","False","False"
"RecipeRequirement.cs","Activities","False","False","False","False","False"
"RelationshipRequirement.cs","Activities","False","False","False","False","False"
"ReportPropagationRequirement.cs","Activities","False","False","False","False","False"
"ReputationRequirement.cs","Activities","False","False","False","False","False"
"ResearchRequirement.cs","Activities","False","False","False","False","False"
"RideRequirement.cs","Activities","False","False","False","False","False"
"RiskRequirement.cs","Activities","False","False","False","False","False"
"RoleActivityBoardDefinition.cs","Activities","True","False","False","False","False"
"RoleActivityBoardSource.cs","Activities","False","True","False","False","False"
"RumorLifecycleRequirement.cs","Activities","False","False","False","False","False"
"RumorRequirement.cs","Activities","False","False","False","False","False"
"SceneObjectRequirement.cs","Activities","False","False","False","False","False"
"SceneSpawnRequirement.cs","Activities","False","False","False","False","False"
"ServicePackageRequirement.cs","Activities","False","False","False","False","False"
"ServiceRequirement.cs","Activities","False","False","False","False","False"
"ShopBasketRequirement.cs","Activities","False","False","False","False","False"
"ShopPurchaseRequirement.cs","Activities","False","False","False","False","False"
"ShopShelfRequirement.cs","Activities","False","False","False","False","False"
"SkillLevelRequirement.cs","Activities","False","False","False","False","False"
"SponsorRequirement.cs","Activities","False","False","False","False","False"
"TimePeriodRequirement.cs","Activities","False","False","False","False","False"
"TitleRequirement.cs","Activities","False","False","False","False","False"
"ToolRequirement.cs","Activities","False","False","False","False","False"
"TransitRouteRequirement.cs","Activities","False","False","False","False","False"
"WitnessReportRequirement.cs","Activities","False","False","False","False","False"
"WorldConditionRequirement.cs","Activities","False","False","False","False","False"
"WorldDiscoveryRequirement.cs","Activities","False","False","False","False","False"
"WorldEventRequirement.cs","Activities","False","False","False","False","False"
"WorldRegionRequirement.cs","Activities","False","False","False","False","False"
"WorldTriggerRequirement.cs","Activities","False","False","False","False","False"
"AreaProfileDefinition.cs","AreaProfiles","True","False","False","False","True"
"AreaProfileSource.cs","AreaProfiles","False","True","False","False","False"
"PlayerAreaProfileLog.cs","AreaProfiles","False","True","True","False","False"
"AssignmentDefinition.cs","Assignments","True","False","False","False","False"
"AssignmentSource.cs","Assignments","False","True","False","False","False"
"PlayerAssignmentLog.cs","Assignments","False","True","True","False","False"
"AudioManager.cs","Audio","False","True","False","False","False"
"BattleAction.cs","Battle","False","False","False","False","False"
"BattleAIProfile.cs","Battle","True","False","False","False","True"
"BattleDialogBox.cs","Battle","False","True","True","False","False"
"BattleField.cs","Battle","False","False","False","False","False"
"BattleHud.cs","Battle","False","True","False","False","False"
"BattleSystem.cs","Battle","False","True","False","False","False"
"BattleUnit.cs","Battle","False","True","False","False","False"
"HPBar.cs","Battle","False","True","False","False","False"
"PartyMemberUI.cs","Battle","False","True","False","True","False"
"PokeballAnimator.cs","Battle","False","True","False","False","False"
"AboutToUseState.cs","State","False","False","False","False","False"
"ActionSelectionState.cs","State","False","False","False","False","False"
"MoveSelectionState.cs","State","False","False","False","False","False"
"RunTurnState.cs","State","False","False","False","False","False"
"TargetSelectionState.cs","State","False","False","False","False","False"
"ActionSelectionUI.cs","UI","False","False","False","True","False"
"MoveSelectionUI.cs","UI","False","True","False","True","False"
"BattleChallengeDefinition.cs","BattleRules","True","False","False","False","False"
"BattleModeDefinition.cs","BattleRules","True","False","False","False","False"
"BattleRuleManager.cs","BattleRules","False","True","False","False","False"
"BattleRuleNegotiator.cs","BattleRules","False","True","False","False","False"
"BattleRuleSetDefinition.cs","BattleRules","True","False","False","False","False"
"PlayerBattleModeSettings.cs","BattleRules","False","True","False","False","False"
"PlayerBattleRuleLog.cs","BattleRules","False","True","True","False","False"
"CalendarEventDefinition.cs","Calendar","True","False","False","False","False"
"CalendarEventSource.cs","Calendar","False","True","False","False","False"
"PlayerCalendarLog.cs","Calendar","False","True","True","False","False"
"CareerMentor.cs","Careers","False","True","False","False","False"
"CareerPathDefinition.cs","Careers","True","False","False","False","False"
"CareerPointSource.cs","Careers","False","True","False","False","False"
"PlayerCareerLog.cs","Careers","False","True","True","False","False"
"Character.cs","Character","False","True","False","False","False"
"CharacterAnimator.cs","Character","False","True","False","False","False"
"Healer.cs","Character","False","True","False","False","False"
"Merchant.cs","Character","False","True","False","False","False"
"NPCController.cs","Character","False","True","False","False","False"
"PersonalityProfile.cs","Character","False","True","False","False","False"
"PlayerController.cs","Character","False","True","False","False","False"
"TrainerController.cs","Character","False","True","False","False","False"
"TrainerFov.cs","Character","False","True","False","False","False"
"ChronicleCaptureRuleDefinition.cs","Chronicle","True","False","False","False","False"
"ChronicleEntryDefinition.cs","Chronicle","True","False","False","False","False"
"ChronicleSource.cs","Chronicle","False","True","False","False","False"
"PlayerChronicleLog.cs","Chronicle","False","True","True","False","False"
"PhoneCallManager.cs","Communication","False","True","False","False","False"
"PhoneContactDefinition.cs","Communication","True","False","False","False","False"
"PhoneContactSource.cs","Communication","False","True","False","False","False"
"PhoneTerminal.cs","Communication","False","True","False","False","False"
"PlayerPhoneLog.cs","Communication","False","True","True","False","False"
"CompanionController.cs","Companion","False","True","False","False","False"
"CompanionExpeditionBoard.cs","Companion","False","True","False","False","False"
"CompanionExpeditionDefinition.cs","Companion","True","False","False","False","True"
"CompanionExpeditionRouteBoard.cs","Companion","False","True","False","False","False"
"CompanionExpeditionRouteDefinition.cs","Companion","True","False","False","False","True"
"CompanionPerkDefinition.cs","Companion","True","False","False","False","True"
"CompanionPokemonRosterDefinition.cs","Companion","True","False","False","False","False"
"CompanionPokemonTeam.cs","Companion","False","True","False","False","False"
"CompanionPokemonTeamSource.cs","Companion","False","True","False","False","False"
"CompanionRole.cs","Companion","False","False","False","False","False"
"CompanionRoleDefinition.cs","Companion","True","False","False","False","False"
"PlayerCompanionExpeditionLog.cs","Companion","False","True","True","False","False"
"PlayerCompanionExpeditionRouteLog.cs","Companion","False","True","True","False","False"
"CompetitionBracketSource.cs","Competitions","False","True","False","False","False"
"CompetitionDefinition.cs","Competitions","True","False","False","False","False"
"CompetitionEntrantDefinition.cs","Competitions","True","False","False","False","False"
"CompetitionHonorDefinition.cs","Competitions","True","False","False","False","False"
"CompetitionInvitationDefinition.cs","Competitions","True","False","False","False","False"
"CompetitionInvitationSource.cs","Competitions","False","True","False","False","False"
"CompetitionMatchResolverDefinition.cs","Competitions","True","False","False","False","False"
"CompetitionPrizeTableDefinition.cs","Competitions","True","False","False","False","False"
"CompetitionRankingDefinition.cs","Competitions","True","False","False","False","False"
"CompetitionRegistrationDefinition.cs","Competitions","True","False","False","False","False"
"CompetitionRegistrationSource.cs","Competitions","False","True","False","False","False"
"CompetitionRegistrationWindowDefinition.cs","Competitions","True","False","False","False","False"
"CompetitionRosterDefinition.cs","Competitions","True","False","False","False","False"
"CompetitionSeasonDefinition.cs","Competitions","True","False","False","False","False"
"CompetitionSource.cs","Competitions","False","True","False","False","False"
"CompetitionVenueDefinition.cs","Competitions","True","False","False","False","False"
"CompetitionVenueSource.cs","Competitions","False","True","False","False","False"
"PlayerCompetitionBracketLog.cs","Competitions","False","True","True","False","False"
"PlayerCompetitionHonorLog.cs","Competitions","False","True","True","False","False"
"PlayerCompetitionInvitationLog.cs","Competitions","False","True","True","False","False"
"PlayerCompetitionLog.cs","Competitions","False","True","True","False","False"
"PlayerCompetitionPrizeLog.cs","Competitions","False","True","True","False","False"
"PlayerCompetitionRankingLog.cs","Competitions","False","True","True","False","False"
"PlayerCompetitionRegistrationLog.cs","Competitions","False","True","True","False","False"
"PlayerCompetitionSeasonLog.cs","Competitions","False","True","True","False","False"
"PlayerCompetitionVenueLog.cs","Competitions","False","True","True","False","False"
"ConsequenceChainDefinition.cs","Consequences","True","False","False","False","True"
"ConsequenceChainSource.cs","Consequences","False","True","False","False","False"
"PlayerConsequenceChainLog.cs","Consequences","False","True","True","False","False"
"ContentAuditProfileDefinition.cs","ContentAudit","True","False","False","False","True"
"ContentAuditRunner.cs","ContentAudit","False","True","False","False","True"
"ContestDefinition.cs","Contests","True","False","False","False","False"
"ContestHost.cs","Contests","False","True","False","False","False"
"PlayerContestLog.cs","Contests","False","True","True","False","False"
"EssentialObjects.cs","Core","False","True","False","False","False"
"EssentialObjectsSpawner.cs","Core","False","True","False","False","False"
"Fader.cs","Core","False","True","False","False","False"
"CraftingStation.cs","Crafting","False","True","False","False","False"
"CraftingStationDefinition.cs","Crafting","True","False","False","False","False"
"PlayerRecipeBook.cs","Crafting","False","True","False","False","False"
"RecipeDefinition.cs","Crafting","True","False","False","False","False"
"RecipeGrant.cs","Crafting","False","False","False","False","False"
"RecipeVendor.cs","Crafting","False","True","False","False","False"
"CharacterCustomizationRenderer.cs","Customization","False","True","False","False","False"
"CustomizationPartDefinition.cs","Customization","True","False","False","False","False"
"CustomizationPresetDefinition.cs","Customization","True","False","False","False","False"
"CustomizationWardrobe.cs","Customization","False","True","False","False","False"
"PlayerCustomization.cs","Customization","False","True","False","False","False"
"Cutscene.cs","Cutscenes","False","True","False","False","False"
"CutsceneAction.cs","Cutscenes","False","False","False","False","False"
"DialogAction.cs","Cutscenes","False","False","True","False","False"
"DisableObjectAction.cs","Cutscenes","False","False","False","False","False"
"EnableObjectAction.cs","Cutscenes","False","False","False","False","False"
"FadeInAction.cs","Cutscenes","False","False","False","False","False"
"FadeOutAction.cs","Cutscenes","False","False","False","False","False"
"MoveActorAction.cs","Cutscenes","False","False","False","False","False"
"NPCInteractAction.cs","Cutscenes","False","False","False","False","False"
"TeleportObjectAction.cs","Cutscenes","False","False","False","False","False"
"TurnActorAction.cs","Cutscenes","False","False","False","False","False"
"CutsceneActorDrawer.cs","Editor","False","False","False","False","False"
"CutsceneEditor.cs","Editor","False","False","False","False","False"
"AbilityDB.cs","Data","False","False","False","False","False"
"ItemDB.cs","Data","True","False","False","False","False"
"MoveDB.cs","Data","True","False","False","False","False"
"NatureDB.cs","Data","False","False","False","False","False"
"PersonalityDB.cs","Data","False","False","False","False","False"
"PokemonDB.cs","Data","True","False","False","False","False"
"QuestDB.cs","Data","True","False","False","False","False"
"StatusConditionsDB.cs","Data","False","False","False","False","False"
"TerrainConditionsDB.cs","Data","False","False","False","False","False"
"WeatherConditionsDB.cs","Data","False","False","False","False","False"
"AssetAuditProfileDefinition.cs","Debugging","True","False","False","False","True"
"AssetAuditRunner.cs","Debugging","False","True","False","False","True"
"GameDebug.cs","Debugging","False","False","False","False","False"
"GameDebugBootstrap.cs","Debugging","False","False","False","False","False"
"GameDebugLogger.cs","Debugging","False","True","True","False","False"
"ProjectValidationReport.cs","Debugging","False","False","False","False","False"
"ProjectValidator.cs","Debugging","True","True","False","False","True"
"RuntimeHealthMonitor.cs","Debugging","False","True","False","False","False"
"ChoiceBox.cs","Dialogues","False","True","False","False","False"
"ChoiceText.cs","Dialogues","False","True","False","False","False"
"ConditionalDialogDefinition.cs","Dialogues","True","False","True","False","False"
"ConditionalDialogSelector.cs","Dialogues","False","True","True","False","False"
"Dialog.cs","Dialogues","False","False","True","False","False"
"DialogContext.cs","Dialogues","False","False","True","False","False"
"DialogEmotionStyleDefinition.cs","Dialogues","True","False","True","False","False"
"DialogEmotionUIBridge.cs","Dialogues","False","True","True","True","False"
"DialogGraphDefinition.cs","Dialogues","True","False","True","False","False"
"DialogGraphPlayer.cs","Dialogues","False","True","True","False","False"
"DialogGraphRunner.cs","Dialogues","False","True","True","False","False"
"DialogManager.cs","Dialogues","False","True","True","False","False"
"DialogPresenter.cs","Dialogues","False","False","True","False","False"
"PlayerDialogGraphLog.cs","Dialogues","False","True","True","False","False"
"SpeechBubbleDialogManager.cs","Dialogues","False","True","True","False","False"
"SpeechBubbleDialogTypes.cs","Dialogues","False","False","True","False","False"
"SpeechBubbleStyleDefinition.cs","Dialogues","True","False","False","False","False"
"EncounterInteractable.cs","Encounters","False","True","False","False","False"
"EncounterSourceProfileDefinition.cs","Encounters","True","True","False","False","False"
"EncounterSystem.cs","Encounters","False","False","False","False","False"
"EncounterTableDefinition.cs","Encounters","True","False","False","False","False"
"EncounterTrigger.cs","Encounters","False","True","False","False","False"
"PlayerEncounterLog.cs","Encounters","False","True","True","False","False"
"RoamingPokemonEncounter.cs","Encounters","False","True","False","False","False"
"StealthCaptureProfileDefinition.cs","Encounters","True","False","False","False","False"
"GameEventBus.cs","Events","False","True","False","False","False"
"GameEventBusBootstrap.cs","Events","False","False","False","False","False"
"GameEventDefinition.cs","Events","True","False","False","False","False"
"GameEventListener.cs","Events","False","True","False","False","False"
"GameEventPublishing.cs","Events","False","False","False","False","False"
"GameEventRecord.cs","Events","False","False","True","False","False"
"FarmableDefinition.cs","Farming","True","False","False","False","False"
"FarmNode.cs","Farming","False","True","False","False","False"
"Cuttable.cs","Gameplay","False","True","False","False","False"
"GameLayers.cs","Gameplay","False","True","False","False","False"
"GlobalSettings.cs","Gameplay","False","True","False","False","False"
"GoToFreeRoam.cs","Gameplay","False","True","False","False","False"
"Interactable.cs","Gameplay","False","False","False","False","False"
"IPlayerTriggerable.cs","Gameplay","False","False","False","False","False"
"Ledge.cs","Gameplay","False","True","False","False","False"
"LongGrass.cs","Gameplay","False","True","False","False","False"
"MapArea.cs","Gameplay","False","True","False","False","False"
"OverworldInteractionInfo.cs","Gameplay","False","True","False","False","False"
"OverworldInteractionSensor.cs","Gameplay","False","True","False","False","False"
"StoryItem.cs","Gameplay","False","True","False","False","False"
"Surfable.cs","Gameplay","False","True","False","False","False"
"Wallet.cs","Gameplay","False","True","False","False","False"
"MapAreaEditor.cs","Editor","False","False","False","False","False"
"SceneDetailsEditor.cs","Editor","False","False","False","False","False"
"BattleState.cs","GameStates","False","False","False","False","False"
"CutsceneState.cs","GameStates","False","False","False","False","False"
"DialogState.cs","GameStates","False","False","True","False","False"
"DynamicMenuState.cs","GameStates","False","False","False","False","False"
"EvolutionState.cs","GameStates","False","False","False","False","False"
"FreeRoamState.cs","GameStates","False","False","False","False","False"
"GameMenuState.cs","GameStates","False","False","False","False","False"
"InventoryState.cs","GameStates","False","False","False","False","False"
"MoveForgetState.cs","GameStates","False","False","False","False","False"
"PartyState.cs","GameStates","False","False","False","False","False"
"PauseState.cs","GameStates","False","False","False","False","False"
"StorageState.cs","GameStates","False","False","False","False","False"
"SummaryState.cs","GameStates","False","False","False","False","False"
"UseItemState.cs","GameStates","False","False","False","False","False"
"ShopBuyingState.cs","ShopStates","False","False","False","False","False"
"ShopMenuState.cs","ShopStates","False","False","False","False","False"
"ShopSellingState.cs","ShopStates","False","False","False","False","False"
"InvestigationCaseDefinition.cs","Investigations","True","False","False","False","False"
"InvestigationClueDefinition.cs","Investigations","True","False","False","False","False"
"InvestigationSource.cs","Investigations","False","True","False","False","False"
"PlayerInvestigationLog.cs","Investigations","False","True","True","False","False"
"BattleHeldItem.cs","Item","False","False","False","False","False"
"EvolutionItem.cs","Item","False","False","False","False","False"
"Inventory.cs","Item","False","True","False","False","False"
"ItemBase.cs","Item","True","False","False","False","False"
"ItemGiver.cs","Item","False","True","False","False","False"
"PickUp.cs","Item","False","True","False","False","False"
"PokeballItem.cs","Item","False","False","False","False","False"
"RecoveryItem.cs","Item","False","False","False","False","False"
"TmItem.cs","Item","False","False","False","False","False"
"InventoryUI.cs","UI","False","False","False","True","False"
"ItemSlotUI.cs","UI","False","True","False","True","False"
"JobBoard.cs","Jobs","False","True","False","False","False"
"JobBoardDefinition.cs","Jobs","True","False","False","False","False"
"JobDefinition.cs","Jobs","True","False","False","False","False"
"PlayerJobLog.cs","Jobs","False","True","True","False","False"
"LawViolationDefinition.cs","Law","True","False","False","False","False"
"LawViolationSource.cs","Law","False","True","False","False","False"
"PlayerLawLog.cs","Law","False","True","True","False","False"
"LifePathDefinition.cs","LifePaths","True","False","False","False","False"
"LifePathPerkDefinition.cs","LifePaths","True","False","False","False","False"
"LifePathRewardSource.cs","LifePaths","False","True","False","False","False"
"PlayerLifePathLog.cs","LifePaths","False","True","True","False","False"
"LocationVisitDefinition.cs","LocationVisits","True","False","False","False","True"
"LocationVisitSource.cs","LocationVisits","False","True","False","False","False"
"PlayerLocationVisitLog.cs","LocationVisits","False","True","True","False","False"
"MapDiscoverySource.cs","Map","False","True","False","False","False"
"MapMarkerDefinition.cs","Map","True","False","False","False","False"
"MapMarkerProvider.cs","Map","False","True","False","False","False"
"MapMarkerRecord.cs","Map","False","False","True","False","False"
"MapMarkerRegistry.cs","Map","False","True","False","False","False"
"MapViewProfileDefinition.cs","Map","True","False","False","False","False"
"PlayerMapLog.cs","Map","False","True","True","False","False"
"PlayerMapNavigationLog.cs","Map","False","True","True","False","False"
"MilestoneDefinition.cs","Milestones","True","False","False","False","False"
"PlayerMilestones.cs","Milestones","False","True","False","False","False"
"NavigationHintDefinition.cs","NavigationHints","True","False","False","False","False"
"NavigationHintSource.cs","NavigationHints","False","True","False","False","False"
"PlayerNavigationHintLog.cs","NavigationHints","False","True","True","False","False"
"NotificationDefinition.cs","Notifications","True","False","False","False","False"
"NotificationFeed.cs","Notifications","False","True","False","False","False"
"NotificationFeedBootstrap.cs","Notifications","False","False","False","False","False"
"NotificationRecord.cs","Notifications","False","False","True","False","False"
"NPCSceneRandomizationProfileDefinition.cs","NPCGeneration","True","True","False","False","False"
"NPCVariantPoolDefinition.cs","NPCGeneration","True","False","False","False","False"
"NPCVariantRandomizer.cs","NPCGeneration","False","True","False","False","False"
"NPCVisualSetDefinition.cs","NPCGeneration","True","False","False","False","False"
"TrainerPartyTemplateDefinition.cs","NPCGeneration","True","False","False","False","False"
"NPCMemoryProfile.cs","NPCMemory","False","True","False","False","False"
"NPCMemoryTopicDefinition.cs","NPCMemory","True","False","False","False","False"
"PlayerNPCMemoryLog.cs","NPCMemory","False","True","True","False","False"
"NPCReactionDefinition.cs","NPCReactions","True","False","False","False","False"
"NPCReactionSource.cs","NPCReactions","False","True","False","False","False"
"PlayerNPCReactionLog.cs","NPCReactions","False","True","True","False","False"
"NPCScheduleController.cs","NPCSchedule","False","True","False","False","False"
"NPCScheduleDefinition.cs","NPCSchedule","True","False","False","False","False"
"OrganizationDefinition.cs","Organizations","True","False","False","False","False"
"OrganizationHub.cs","Organizations","False","True","False","False","False"
"PlayerOrganizationLog.cs","Organizations","False","True","True","False","False"
"PlayerLifestyleDefinition.cs","PlayerLifestyles","True","False","False","False","False"
"PlayerLifestyleLog.cs","PlayerLifestyles","False","True","True","False","False"
"PlayerLifestyleSource.cs","PlayerLifestyles","False","True","False","False","False"
"PlayerOriginDefinition.cs","PlayerOrigins","True","False","False","False","False"
"PlayerOriginLog.cs","PlayerOrigins","False","True","True","False","False"
"PlayerOriginSource.cs","PlayerOrigins","False","True","False","False","False"
"PlayerSystemsInstaller.cs","PlayerSystems","False","True","False","False","False"
"Ability.cs","Pokemon","False","False","False","False","False"
"AbilityBase.cs","Pokemon","True","False","False","False","False"
"Move.cs","Pokemon","False","False","False","False","False"
"MoveBase.cs","Pokemon","True","False","False","False","False"
"Pokemon.cs","Pokemon","False","False","False","False","False"
"PokemonAnimator.cs","Pokemon","False","True","False","False","False"
"PokemonBase.cs","Pokemon","True","False","False","False","False"
"PokemonGiver.cs","Pokemon","False","True","False","False","False"
"PokemonParty.cs","Pokemon","False","True","False","False","False"
"PokemonStorageBoxes.cs","Pokemon","False","True","False","False","False"
"StatusCondition.cs","Pokemon","False","False","False","False","False"
"PlayerPokemonAssignmentLog.cs","PokemonAssignments","False","True","True","False","False"
"PokemonAssignmentBoardDefinition.cs","PokemonAssignments","True","False","False","False","False"
"PokemonAssignmentDefinition.cs","PokemonAssignments","True","False","False","False","False"
"PokemonAssignmentSource.cs","PokemonAssignments","False","True","False","False","False"
"PlayerPokemonCareFacilityLog.cs","PokemonCare","False","True","True","False","False"
"PokemonCareActionDefinition.cs","PokemonCare","True","False","False","False","True"
"PokemonCareFacility.cs","PokemonCare","False","True","False","False","False"
"PokemonCareFacilityDefinition.cs","PokemonCare","True","False","False","False","True"
"PokemonCareNeedDefinition.cs","PokemonCare","True","False","False","False","False"
"PokemonCareNeedsController.cs","PokemonCare","False","True","False","False","False"
"PokemonCareStation.cs","PokemonCare","False","True","False","False","False"
"PlayerPokemonFollowerController.cs","PokemonFollower","False","True","False","False","False"
"PlayerPokemonFollowerLog.cs","PokemonFollower","False","True","True","False","False"
"PokemonFollowerCatalogDefinition.cs","PokemonFollower","True","False","True","False","False"
"PokemonFollowerSelectionSource.cs","PokemonFollower","False","True","False","False","False"
"PokemonFollowerVisualController.cs","PokemonFollower","False","True","False","False","False"
"PokemonFollowerVisualDefinition.cs","PokemonFollower","True","False","False","False","False"
"PokemonMoodDefinition.cs","PokemonMood","True","False","False","False","False"
"PokemonTimedRecoveryEffect.cs","PokemonVitals","False","False","False","False","False"
"PokemonVitalProfileDefinition.cs","PokemonVitals","True","False","False","False","False"
"PlayerPokeNavFeedLog.cs","PokeNav","False","True","True","False","False"
"PlayerPokeNavGuideLog.cs","PokeNav","False","True","True","False","False"
"PlayerPokeNavLog.cs","PokeNav","False","True","True","False","False"
"PokedexEntryDefinition.cs","PokeNav","True","False","False","False","False"
"PokeNavEntryDefinition.cs","PokeNav","True","False","False","False","False"
"PokeNavFeedItemDefinition.cs","PokeNav","True","False","False","False","False"
"PokeNavFeedSource.cs","PokeNav","False","True","False","False","False"
"PokeNavGuideSectionDefinition.cs","PokeNav","True","False","False","False","False"
"RegionInfoDefinition.cs","PokeNav","True","False","False","False","False"
"SocialPostDefinition.cs","PokeNav","True","False","False","False","False"
"BattlePowerMechanicController.cs","PowerMechanics","False","True","False","False","False"
"PlayerPowerMechanicLog.cs","PowerMechanics","False","True","True","False","False"
"PowerMechanicDefinition.cs","PowerMechanics","True","False","False","False","False"
"Quest.cs","Quests","False","False","False","False","False"
"QuestBase.cs","Quests","True","False","False","False","False"
"QuestList.cs","Quests","False","True","False","False","False"
"QuestObject.cs","Quests","False","True","False","False","False"
"PlayerReputation.cs","Reputation","False","True","False","False","False"
"ReputationFactionDefinition.cs","Reputation","True","False","False","False","False"
"PlayerResearchLog.cs","Research","False","True","True","False","False"
"ResearchSubjectDefinition.cs","Research","True","False","False","False","False"
"ResearchTarget.cs","Research","False","True","False","False","False"
"ResourceNode.cs","Resources","False","True","False","False","False"
"ResourceNodeDefinition.cs","Resources","True","False","False","False","False"
"CompanionRideCapability.cs","Ride","False","True","False","False","False"
"PlayerRideCompanionCoordinator.cs","Ride","False","True","False","False","False"
"PlayerRideCompanionLog.cs","Ride","False","True","True","False","False"
"PlayerRideController.cs","Ride","False","True","False","False","False"
"PlayerRideLog.cs","Ride","False","True","True","False","False"
"RideCompanionPolicyDefinition.cs","Ride","True","False","False","False","False"
"RidePoint.cs","Ride","False","True","False","False","False"
"RidePokemonDefinition.cs","Ride","True","False","False","False","False"
"RideVisualController.cs","Ride","False","True","False","False","False"
"PlayerRiskLog.cs","Risk","False","True","True","False","False"
"RiskIncidentDefinition.cs","Risk","True","False","False","False","True"
"RiskSource.cs","Risk","False","True","False","False","False"
"PlayerProgression.cs","RPG","False","True","False","False","False"
"PlayerSkill.cs","RPG","True","False","False","False","False"
"PlayerRumorLifecycleLog.cs","Rumors","False","True","True","False","False"
"PlayerRumorLog.cs","Rumors","False","True","True","False","False"
"RumorDefinition.cs","Rumors","True","False","False","False","False"
"RumorSource.cs","Rumors","False","True","False","False","False"
"RumorSpreadProfileDefinition.cs","Rumors","True","False","False","False","False"
"ISavable.cs","Saving","False","False","False","False","False"
"SavableEntity.cs","Saving","False","True","False","False","False"
"SavingSystem.cs","Saving","False","True","False","False","False"
"LocationPortal.cs","SceneManagment","False","True","False","False","False"
"Portal.cs","SceneManagment","False","True","False","False","False"
"SceneDetails.cs","SceneManagment","False","True","False","False","False"
"ConditionalSceneObject.cs","SceneObjects","False","True","False","False","False"
"PlayerSceneObjectLog.cs","SceneObjects","False","True","True","False","False"
"SceneObjectDefinition.cs","SceneObjects","True","False","False","False","True"
"PlayerSceneSpawnLog.cs","SceneSpawns","False","True","True","False","False"
"SceneSpawnController.cs","SceneSpawns","False","True","False","False","False"
"SceneSpawnProfileDefinition.cs","SceneSpawns","True","False","False","False","True"
"PlayerServiceLog.cs","Services","False","True","True","False","False"
"PlayerServicePackageLog.cs","Services","False","True","True","False","False"
"ServiceAppointmentDefinition.cs","Services","True","True","False","False","False"
"ServiceDefinition.cs","Services","True","False","False","False","True"
"ServicePackageDefinition.cs","Services","True","False","False","False","True"
"ServicePackageSource.cs","Services","False","True","False","False","False"
"ServiceProvider.cs","Services","False","True","False","False","False"
"ItemBrandDefinition.cs","Shops","True","False","False","False","False"
"ItemModelDefinition.cs","Shops","True","False","False","False","False"
"LearnableOfferDefinition.cs","Shops","True","False","False","False","False"
"LearnableOfferSource.cs","Shops","False","True","False","False","False"
"LoyaltyProgramDefinition.cs","Shops","True","False","False","False","False"
"LoyaltyProgramSource.cs","Shops","False","True","False","False","False"
"PlayerLearnableOfferLog.cs","Shops","False","True","True","False","False"
"PlayerLoyaltyLog.cs","Shops","False","True","True","False","False"
"PlayerShopBasketLog.cs","Shops","False","True","True","False","False"
"PlayerShopLedger.cs","Shops","False","True","False","False","False"
"PlayerShopShelfLog.cs","Shops","False","True","True","False","False"
"ShopBasketSource.cs","Shops","False","True","False","False","False"
"ShopCatalog.cs","Shops","False","True","True","False","False"
"ShopCatalogDefinition.cs","Shops","True","False","True","False","False"
"ShopDeliveryServiceDefinition.cs","Shops","True","True","False","False","False"
"ShopPaymentRuleDefinition.cs","Shops","True","True","False","False","False"
"ShopRestockScheduleDefinition.cs","Shops","True","True","False","False","False"
"ShopReturnPolicyDefinition.cs","Shops","True","True","False","False","False"
"ShopSecurityPolicyDefinition.cs","Shops","True","True","False","False","False"
"ShopShelfDefinition.cs","Shops","True","False","False","False","False"
"ShopShelfSource.cs","Shops","False","True","False","False","False"
"PlayerSituationEventLog.cs","SituationEvents","False","True","True","False","False"
"PlayerSituationEventSignalLog.cs","SituationEvents","False","True","True","False","False"
"SituationEventController.cs","SituationEvents","False","True","False","False","False"
"SituationEventDefinition.cs","SituationEvents","True","False","False","False","False"
"SituationEventPoolDefinition.cs","SituationEvents","True","False","False","False","False"
"SituationEventSignalController.cs","SituationEvents","False","True","False","False","False"
"SituationEventSignalProfileDefinition.cs","SituationEvents","True","False","False","False","False"
"SituationEventSource.cs","SituationEvents","False","True","False","False","False"
"PlayerRelationships.cs","Social","False","True","False","False","False"
"PlayerSocialActivityLog.cs","Social","False","True","True","False","False"
"RelationshipSubjectDefinition.cs","Social","True","False","False","False","False"
"SocialActivityDefinition.cs","Social","True","False","False","False","False"
"SocialActivitySource.cs","Social","False","True","False","False","False"
"PlayerSponsorLog.cs","Sponsors","False","True","True","False","False"
"SponsorDefinition.cs","Sponsors","True","False","False","False","False"
"SponsorSource.cs","Sponsors","False","True","False","False","False"
"SurvivalNeed.cs","Survival","False","False","False","False","False"
"SurvivalNeedDefinition.cs","Survival","True","False","False","False","False"
"SurvivalNeedsBootstrap.cs","Survival","False","True","False","False","False"
"SurvivalNeedsController.cs","Survival","False","True","False","False","False"
"DayNightOverlay.cs","Time","False","True","False","False","False"
"TimeSystem.cs","Time","False","True","False","False","False"
"PlayerTitles.cs","Titles","False","True","False","False","False"
"TitleDefinition.cs","Titles","True","False","False","False","False"
"TitleGrant.cs","Titles","False","False","False","False","False"
"PlayerToolInventory.cs","Tools","False","True","False","False","False"
"ToolDefinition.cs","Tools","True","False","False","False","False"
"PlayerTransitLog.cs","Transit","False","True","True","False","False"
"TransitRouteDefinition.cs","Transit","True","False","False","False","False"
"TransitStation.cs","Transit","False","True","False","False","False"
"TransitStopDefinition.cs","Transit","True","False","False","False","False"
"ActivityActionHUDController.cs","UI","False","True","False","True","False"
"BoxPartySlotUI.cs","UI","False","True","False","True","False"
"BoxStorageSlotUI.cs","UI","False","True","False","True","False"
"CampStationUIManager.cs","UI","False","True","False","True","False"
"CounterSelectorUI.cs","UI","False","True","False","True","False"
"DynamicMenuUI.cs","UI","False","False","False","True","False"
"JourneyIncidentUIManager.cs","UI","False","True","False","True","False"
"LifePathUIManager.cs","UI","False","True","False","True","False"
"MainMenuController.cs","UI","False","False","False","True","False"
"MapViewportMarkerView.cs","UI","False","True","False","True","False"
"MapViewportUIController.cs","UI","False","True","False","True","False"
"MarketServiceUIManager.cs","UI","False","True","False","True","False"
"MenuController.cs","UI","False","False","False","True","False"
"MoveBar.cs","UI","False","True","False","True","False"
"MoveForgetSelectionUI.cs","UI","False","False","False","True","False"
"NotificationFeedUIManager.cs","UI","False","True","False","True","False"
"OverworldInteractionUIController.cs","UI","False","True","False","True","False"
"PartyScreen.cs","UI","False","False","False","True","False"
"PokemonAssignmentUIManager.cs","UI","False","True","False","True","False"
"PokemonStorageUI.cs","UI","False","False","False","True","False"
"PokeNavMapUIManager.cs","UI","False","True","False","True","False"
"PokeNavMapViewController.cs","UI","False","True","False","True","False"
"RoleActivityBoardUIManager.cs","UI","False","True","False","True","False"
"RuntimeUIScreenManager.cs","UI","False","True","False","True","False"
"ShopUI.cs","UI","False","True","False","True","False"
"SummaryScreenUI.cs","UI","False","False","False","True","False"
"WalletUI.cs","UI","False","True","False","True","False"
"ScriptableObjectDB.cs","Utill","True","True","False","False","False"
"SpriteAnimator.cs","Utill","False","False","False","False","False"
"IconSlot.cs","GenericSelectionUI","False","True","False","False","False"
"ImageSlot.cs","GenericSelectionUI","False","True","False","False","False"
"InputMapController.cs","GenericSelectionUI","False","True","False","False","False"
"InputRouter.cs","GenericSelectionUI","False","True","False","False","False"
"ISelectableItem.cs","GenericSelectionUI","False","False","False","False","False"
"ISelectionInput.cs","GenericSelectionUI","False","False","False","False","False"
"SelectionInputFromActions.cs","GenericSelectionUI","False","True","False","False","False"
"SelectionUI.cs","GenericSelectionUI","False","True","False","True","False"
"TextSlot.cs","GenericSelectionUI","False","True","False","False","False"
"State.cs","StateMachine","False","True","False","False","False"
"StateMachine.cs","StateMachine","False","False","False","False","False"
"PlayerReportPropagationLog.cs","Witnesses","False","True","True","False","False"
"PlayerWitnessReportLog.cs","Witnesses","False","True","True","False","False"
"ReportPropagationDefinition.cs","Witnesses","True","False","False","False","False"
"WitnessReportDefinition.cs","Witnesses","True","False","False","False","False"
"WitnessReportSource.cs","Witnesses","False","True","False","False","False"
"PlayerWorldRegionLog.cs","WorldAreas","False","True","True","False","False"
"RegionChallengeProfileDefinition.cs","WorldAreas","True","False","False","False","False"
"RegionTravelManager.cs","WorldAreas","False","True","False","False","False"
"RegionTravelPoint.cs","WorldAreas","False","True","False","False","False"
"RegionTravelPolicyDefinition.cs","WorldAreas","True","False","False","False","False"
"RegionTravelRouteDefinition.cs","WorldAreas","True","False","False","False","False"
"WorldRegionDefinition.cs","WorldAreas","True","False","False","False","False"
"JourneyEnvironmentController.cs","WorldConditions","False","True","False","False","False"
"JourneyEnvironmentProfileDefinition.cs","WorldConditions","True","False","False","False","False"
"PlayerJourneyEnvironmentLog.cs","WorldConditions","False","True","True","False","False"
"PlayerWorldConditionLog.cs","WorldConditions","False","True","True","False","False"
"WorldConditionDefinition.cs","WorldConditions","True","False","False","False","True"
"WorldConditionSource.cs","WorldConditions","False","True","False","False","False"
"PlayerWorldDiscoveryLog.cs","WorldDiscovery","False","True","True","False","False"
"WorldDiscoveryDefinition.cs","WorldDiscovery","True","False","False","False","True"
"WorldDiscoverySource.cs","WorldDiscovery","False","True","False","False","False"
"WorldEventDefinition.cs","WorldEvents","True","False","False","False","False"
"WorldEventManager.cs","WorldEvents","False","True","False","False","False"
"PlayerWorldTriggerLog.cs","WorldTriggers","False","True","True","False","False"
"WorldTriggerController.cs","WorldTriggers","False","True","False","False","False"
"WorldTriggerDefinition.cs","WorldTriggers","True","False","False","False","True"
"WorldTriggerSource.cs","WorldTriggers","False","True","False","False","False"
